Score,MSE scores,Average MSE
0.6842105263157895,[1.3028904  1.29933473 1.88987399 1.11855665 0.92419222],1.3069696003673228
