Score,MSE scores,Average MSE
0.6842105263157895,[1.16147407 1.26959642 1.71530385 0.91177954 1.0857765 ],1.2287860770347283
