MSE scores,Average MSE
[1.28056788 1.27886348 1.84850485 1.02454483 1.08210126],1.3029164611961452
