MSE scores,Average MSE
[1.37121704 1.65840145 2.33859357 1.24349959 1.12719669],1.547781670179274
