MSE scores,Average MSE
[1.33192372 1.38104592 1.93860132 1.13290004 0.85790264],1.328474727026503
