MSE scores,Average MSE
[1.13010694 1.3361044  1.54873682 0.82031684 1.20254489],1.2075619770785386
