Score,MSE scores,Average MSE
0.631578947368421,[1.22978063 1.3895389  1.81289172 0.94960893 0.88113628],1.252591291217642
