Score,MSE scores,Average MSE
0.631578947368421,[1.25383209 1.52013314 1.9486351  1.03943908 0.84584148],1.321576177537093
