MSE scores,Average MSE
[1.14781009 1.52917664 2.05515874 1.69708865 1.52594649],1.591036122978433
