MSE scores,Average MSE
[1.11687601 1.3515054  1.49512928 0.86900211 1.23863379],1.2142293174707497
