MSE scores,Average MSE
[1.25383209 1.52013314 1.9486351  1.03943908 0.84584148],1.321576177537093
