MSE scores,Average MSE
[1.88440292 1.68714034 1.80077677 1.12279832 1.13029686],1.525083041487509
