Score,MSE scores,Average MSE
0.631578947368421,[1.17650332 1.63956897 1.54986373 1.1712595  1.39784347],1.3870077992596328
