MSE scores,Average MSE
[1.15693151 1.45288834 2.25642099 1.57916266 1.36848691],1.56277808325556
