Score,MSE scores,Average MSE
0.6842105263157895,[1.90533274 1.38132697 1.64319196 1.08345382 1.26522056],1.455705212670182
